{
	"GameObjects" : 
	[
		{
			"gravity" : false,
			"name" : "Platform",
			"position" : 
			{
				"x" : -49.61492919921875,
				"y" : -182.86074829101563
			},
			"scale" : 
			{
				"x" : 500.0,
				"y" : 30.200000762939453
			}
		},
		{
			"gravity" : false,
			"name" : "Platform",
			"position" : 
			{
				"x" : 449.97991943359375,
				"y" : -201.60028076171875
			},
			"scale" : 
			{
				"x" : 500.0,
				"y" : 69.200004577636719
			}
		},
		{
			"gravity" : true,
			"name" : "Fox",
			"position" : 
			{
				"x" : 78.598106384277344,
				"y" : -160.95083618164063
			}
		}
	]
}
