{
	"GameObjects" : 
	[
		{
			"gravity" : false,
			"name" : "Platform",
			"position" : 
			{
				"x" : -2.1999969482421875,
				"y" : -61.599998474121094
			},
			"scale" : 
			{
				"x" : 300.0,
				"y" : 5.0
			}
		},
		{
			"gravity" : true,
			"name" : "Fox",
			"position" : 
			{
				"x" : -3.6864228248596191,
				"y" : -49.099998474121094
			}
		}
	]
}
