{
	"meshinfo" : 
	[
		{
			"affine" : 
			[
				[ 1.0, 0.0, 0.0, 0.0 ],
				[ 0.0, 1.0, 0.0, 0.0 ],
				[ 0.0, 0.0, 1.0, 0.0 ],
				[ 0.0, 0.0, 0.0, 1.0 ]
			],
			"color" : 
			[
				{
					"alpha" : 1.0,
					"blue" : 0.0,
					"green" : 0.59405916929244995,
					"red" : 1.0
				},
				{
					"alpha" : 1.0,
					"blue" : 0.0,
					"green" : 0.37647059559822083,
					"red" : 1.0
				},
				{
					"alpha" : 1.0,
					"blue" : 0.092975623905658722,
					"green" : 0.37474766373634338,
					"red" : 0.64026403427124023
				},
				{
					"alpha" : 1.0,
					"blue" : 0.0,
					"green" : 0.58039218187332153,
					"red" : 1.0
				}
			],
			"meshpath" : "BearRock1",
			"name" : "Rect"
		}
	],
	"name" : "BearRock1",
	"version" : 2
}
