{
	"meshinfo" : 
	[
		{
			"affine" : 
			[
				[ 1.0, 0.0, 0.0, 0.0 ],
				[ 0.0, 1.0, 0.0, 0.0 ],
				[ 0.0, 0.0, 1.0, 0.0 ],
				[ 0.0, 0.0, 0.0, 1.0 ]
			],
			"color" : 
			[
				{
					"alpha" : 1.0,
					"blue" : 0.48290598392486572,
					"green" : 0.05138842761516571,
					"red" : 0.0020637151319533587
				},
				{
					"alpha" : 1.0,
					"blue" : 0.76068377494812012,
					"green" : 0.25791212916374207,
					"red" : 0.0065015703439712524
				},
				{
					"alpha" : 0.0,
					"blue" : 0.0,
					"green" : 0.0,
					"red" : 0.0
				}
			],
			"meshpath" : "BlueAttack",
			"name" : "Rect"
		}
	],
	"name" : "BlueAttack",
	"version" : 2
}
