{
	"meshinfo" : 
	[
		{
			"affine" : 
			[
				[ 1.0, 0.0, 0.0, 0.0 ],
				[ 0.0, 1.0, 0.0, 0.0 ],
				[ 0.0, 0.0, 1.0, 0.0 ],
				[ 0.0, 0.0, 0.0, 1.0 ]
			],
			"color" : 
			[
				{
					"alpha" : 1.0,
					"blue" : 1.0,
					"green" : 0.95149290561676025,
					"red" : 0.51291513442993164
				},
				{
					"alpha" : 0.0,
					"blue" : 0.0,
					"green" : 0.0,
					"red" : 0.0
				}
			],
			"meshpath" : "boxblue",
			"name" : "Rect"
		}
	],
	"name" : "boxblue",
	"version" : 2
}
