{
	"meshinfo" : 
	[
		{
			"affine" : 
			[
				[ 1.0, 0.0, 0.0, 0.0 ],
				[ 0.0, 1.0, 0.0, 0.0 ],
				[ 0.0, 0.0, 1.0, 0.0 ],
				[ 0.0, 0.0, 0.0, 1.0 ]
			],
			"color" : 
			[
				{
					"_comment" : "purple 112 87 228",
					"alpha" : 1.0,
					"blue" : 0.88999998569488525,
					"green" : 0.34000000357627869,
					"red" : 0.43999999761581421
				},
				{
					"alpha" : 0.0,
					"blue" : 0.0,
					"green" : 0.0,
					"red" : 0.0
				}
			],
			"meshpath" : "Rect",
			"name" : "Rect"
		}
	],
	"name" : "BreakableWall",
	"version" : 2
}
