{
	"meshinfo" : 
	[
		{
			"affine" : 
			[
				[ 1.0, 0.0, 0.0, 0.0 ],
				[ 0.0, 1.0, 0.0, 0.0 ],
				[ 0.0, 0.0, 1.0, 0.0 ],
				[ 0.0, 0.0, 0.0, 1.0 ]
			],
			"color" : 
			[
				{
					"alpha" : 2.0,
					"blue" : 0.26334819197654724,
					"green" : 0.81651371717453003,
					"red" : 0.44945988059043884
				},
				{
					"alpha" : 1.0,
					"blue" : 0.063348181545734406,
					"green" : 0.61651372909545898,
					"red" : 0.2494598776102066
				}
			],
			"meshpath" : "Button",
			"name" : "Button"
		}
	],
	"name" : "Button",
	"version" : 2
}
