{
	"meshinfo" : 
	[
		{
			"affine" : 
			[
				[ 1.0, 0.0, 0.0, 0.0 ],
				[ 0.0, 1.0, 0.0, 0.0 ],
				[ 0.0, 0.0, 1.0, 0.0 ],
				[ 0.0, 0.0, 0.0, 1.0 ]
			],
			"color" : 
			[
				{
					"alpha" : 2.0,
					"blue" : 1.1999900341033936,
					"green" : 1.2000000476837158,
					"red" : 1.199993371963501
				},
				{
					"alpha" : 1.0,
					"blue" : 0.99998998641967773,
					"green" : 1.0,
					"red" : 0.99999338388442993
				}
			],
			"meshpath" : "ButtonWin",
			"name" : "Button"
		}
	],
	"name" : "ButtonWin",
	"version" : 2
}
