{
	"meshinfo" : 
	[
		{
			"affine" : 
			[
				[ 1.0, 0.0, 0.0, 0.0 ],
				[ 0.0, 1.0, 0.0, 0.0 ],
				[ 0.0, 0.0, 1.0, 0.0 ],
				[ 0.0, 0.0, 0.0, 1.0 ]
			],
			"color" : 
			[
				{
					"alpha" : 2.0,
					"blue" : 0.45460999011993408,
					"green" : 0.45461046695709229,
					"red" : 0.45461255311965942
				},
				{
					"alpha" : 1.0,
					"blue" : 0.25461000204086304,
					"green" : 0.25461044907569885,
					"red" : 0.25461256504058838
				}
			],
			"meshpath" : "ButtonBegin",
			"name" : "Button"
		}
	],
	"name" : "ButtonBegin",
	"version" : 2
}
