{
	"meshinfo" : 
	[
		{
			"affine" : 
			[
				[ 1.0, 0.0, 0.0, 0.0 ],
				[ 0.0, 1.0, 0.0, 0.0 ],
				[ 0.0, 0.0, 1.0, 0.0 ],
				[ 0.0, 0.0, 0.0, 1.0 ]
			],
			"color" : 
			[
				{
					"alpha" : 2.0,
					"blue" : 0.84676444530487061,
					"green" : 0.32177120447158813,
					"red" : 1.2000000476837158
				},
				{
					"alpha" : 1.0,
					"blue" : 0.64676445722579956,
					"green" : 0.12177121639251709,
					"red" : 1.0
				}
			],
			"meshpath" : "ButtonOpen",
			"name" : "Button"
		}
	],
	"name" : "ButtonOpen",
	"version" : 2
}
