{
	"meshinfo" : 
	[
		{
			"affine" : 
			[
				[ 1.0, 0.0, 0.0, 0.0 ],
				[ 0.0, 1.0, 0.0, 0.0 ],
				[ 0.0, 0.0, 1.0, 0.0 ],
				[ 0.0, 0.0, 0.0, 1.0 ]
			],
			"color" : 
			[
				{
					"alpha" : 2.0,
					"blue" : 0.26433736085891724,
					"green" : 0.26433736085891724,
					"red" : 0.6981549859046936
				},
				{
					"alpha" : 1.0,
					"blue" : 0.064337357878684998,
					"green" : 0.064337357878684998,
					"red" : 0.49815499782562256
				}
			],
			"meshpath" : "ButtonBoss",
			"name" : "Button"
		}
	],
	"name" : "ButtonBoss",
	"version" : 2
}
