{
	"meshinfo" : 
	[
		{
			"affine" : 
			[
				[ 1.0, 0.0, 0.0, 0.0 ],
				[ 0.0, 1.0, 0.0, 0.0 ],
				[ 0.0, 0.0, 1.0, 0.0 ],
				[ 0.0, 0.0, 0.0, 1.0 ]
			],
			"color" : 
			[
				{
					"alpha" : 2.0,
					"blue" : 0.20001862943172455,
					"green" : 0.20000000298023224,
					"red" : 0.50996309518814087
				},
				{
					"alpha" : 1.0,
					"blue" : 1.8623042706167325e-05,
					"green" : 0.0,
					"red" : 0.30996310710906982
				}
			],
			"meshpath" : "ButtonLose",
			"name" : "Button"
		}
	],
	"name" : "ButtonLose",
	"version" : 2
}
