{
	"meshinfo" : 
	[
		{
			"affine" : 
			[
				[ 1.0, 0.0, 0.0, 0.0 ],
				[ 0.0, 1.0, 0.0, 0.0 ],
				[ 0.0, 0.0, 1.0, 0.0 ],
				[ 0.0, 0.0, 0.0, 1.0 ]
			],
			"color" : 
			[
				{
					"alpha" : 2.0,
					"blue" : 1.2000000476837158,
					"green" : 0.91987305879592896,
					"red" : 0.26273059844970703
				},
				{
					"alpha" : 1.0,
					"blue" : 1.0,
					"green" : 0.71987307071685791,
					"red" : 0.062730610370635986
				}
			],
			"meshpath" : "ButtonWater",
			"name" : "Button"
		}
	],
	"name" : "ButtonWater",
	"version" : 2
}
