{
	"meshinfo" : 
	[
		{
			"affine" : 
			[
				[ 1.0, 0.0, 0.0, 0.0 ],
				[ 0.0, 1.0, 0.0, 0.0 ],
				[ 0.0, 0.0, 1.0, 0.0 ],
				[ 0.0, 0.0, 0.0, 1.0 ]
			],
			"color" : 
			[
				{
					"alpha" : 1.0,
					"blue" : 0.5434761643409729,
					"green" : 0.5434761643409729,
					"red" : 0.5544554591178894
				},
				{
					"alpha" : 1.0,
					"blue" : 0.52615755796432495,
					"green" : 0.52615755796432495,
					"red" : 0.54785478115081787
				},
				{
					"alpha" : 1.0,
					"blue" : 0.30010131001472473,
					"green" : 0.30010131001472473,
					"red" : 0.31683170795440674
				},
				{
					"alpha" : 1.0,
					"blue" : 0.41583740711212158,
					"green" : 0.41583740711212158,
					"red" : 0.41584157943725586
				}
			],
			"meshpath" : "CliffRight1",
			"name" : "Rect"
		}
	],
	"name" : "CliffRight1",
	"version" : 2
}
