{
	"meshinfo" : 
	[
		{
			"affine" : 
			[
				[ 1.0, 0.0, 0.0, 0.0 ],
				[ 0.0, 1.0, 0.0, 0.0 ],
				[ 0.0, 0.0, 1.0, 0.0 ],
				[ 0.0, 0.0, 0.0, 1.0 ]
			],
			"color" : 
			[
				{
					"alpha" : 1.0,
					"blue" : 0.66503286361694336,
					"green" : 0.66503286361694336,
					"red" : 0.69966995716094971
				},
				{
					"alpha" : 1.0,
					"blue" : 0.47544357180595398,
					"green" : 0.47544357180595398,
					"red" : 0.49504947662353516
				},
				{
					"alpha" : 1.0,
					"blue" : 0.19998039305210114,
					"green" : 0.19998039305210114,
					"red" : 0.22442245483398438
				},
				{
					"alpha" : 1.0,
					"blue" : 0.56497734785079956,
					"green" : 0.56497734785079956,
					"red" : 0.60066008567810059
				}
			],
			"meshpath" : "CliffLeft1",
			"name" : "Rect"
		}
	],
	"name" : "CliffLeft1",
	"version" : 2
}
