{
	"meshinfo" : 
	[
		{
			"affine" : 
			[
				[ 1.0, 0.0, 0.0, 0.0 ],
				[ 0.0, 1.0, 0.0, 0.0 ],
				[ 0.0, 0.0, 1.0, 0.0 ],
				[ 0.0, 0.0, 0.0, 1.0 ]
			],
			"color" : 
			[
				{
					"alpha" : 1.0,
					"blue" : 0.56187289953231812,
					"green" : 0.58361965417861938,
					"red" : 0.92307692766189575
				},
				{
					"alpha" : 0.0,
					"blue" : 0.42751199007034302,
					"green" : 0.42751199007034302,
					"red" : 0.86956524848937988
				}
			],
			"meshpath" : "Cover5",
			"name" : "Rect"
		}
	],
	"name" : "Cover5",
	"version" : 2
}
