{
	"meshinfo" : 
	[
		{
			"affine" : 
			[
				[ 1.0, 0.0, 0.0, 0.0 ],
				[ 0.0, 1.0, 0.0, 0.0 ],
				[ 0.0, 0.0, 1.0, 0.0 ],
				[ 0.0, 0.0, 0.0, 1.0 ]
			],
			"color" : 
			[
				{
					"alpha" : 1.0,
					"blue" : 0.21449422836303711,
					"green" : 0.21553222835063934,
					"red" : 0.2274247407913208
				},
				{
					"alpha" : 1.0,
					"blue" : 0.15294118225574493,
					"green" : 0.15294118225574493,
					"red" : 0.55686277151107788
				}
			],
			"meshpath" : "Cover1",
			"name" : "Rect"
		}
	],
	"name" : "Cover1",
	"version" : 2
}
