{
	"meshinfo" : 
	[
		{
			"affine" : 
			[
				[ 1.0, 0.0, 0.0, 0.0 ],
				[ 0.0, 1.0, 0.0, 0.0 ],
				[ 0.0, 0.0, 1.0, 0.0 ],
				[ 0.0, 0.0, 0.0, 1.0 ]
			],
			"color" : 
			[
				{
					"alpha" : 1.0,
					"blue" : 0.097560413181781769,
					"green" : 0.1375138908624649,
					"red" : 0.59531772136688232
				},
				{
					"alpha" : 1.0,
					"blue" : 0.15294118225574493,
					"green" : 0.15294118225574493,
					"red" : 0.55686277151107788
				}
			],
			"meshpath" : "Cover",
			"name" : "Rect"
		}
	],
	"name" : "Cover",
	"version" : 2
}
