{
	"meshinfo" : 
	[
		{
			"affine" : 
			[
				[ 1.0, 0.0, 0.0, 0.0 ],
				[ 0.0, 1.0, 0.0, 0.0 ],
				[ 0.0, 0.0, 1.0, 0.0 ],
				[ 0.0, 0.0, 0.0, 1.0 ]
			],
			"color" : 
			[
				{
					"alpha" : 0.0,
					"blue" : 0.50196081399917603,
					"green" : 0.50196081399917603,
					"red" : 0.50196081399917603
				},
				{
					"alpha" : 0.0,
					"blue" : 0.0,
					"green" : 0.0,
					"red" : 0.0
				}
			],
			"meshpath" : "FallingPlatformNoAlpha",
			"name" : "Rect"
		}
	],
	"name" : "FallingPlatformNoAlpha",
	"version" : 2
}
