{
	"meshinfo" : 
	[
		{
			"affine" : 
			[
				[ 1.0, 0.0, 0.0, 0.0 ],
				[ 0.0, 1.0, 0.0, 0.0 ],
				[ 0.0, 0.0, 1.0, 0.0 ],
				[ 0.0, 0.0, 0.0, 1.0 ]
			],
			"color" : 
			[
				{
					"alpha" : 1.0,
					"blue" : 0.074992626905441284,
					"green" : 0.84158414602279663,
					"red" : 0.10535276681184769
				},
				{
					"alpha" : 0.0,
					"blue" : 0.0,
					"green" : 0.0,
					"red" : 0.0
				}
			],
			"meshpath" : "Greenbox",
			"name" : "Rect"
		}
	],
	"name" : "Greenbox",
	"version" : 2
}
