{
	"meshinfo" : 
	[
		{
			"affine" : 
			[
				[ 1.0, 0.0, 0.0, 0.0 ],
				[ 0.0, 1.0, 0.0, 0.0 ],
				[ 0.0, 0.0, 1.0, 0.0 ],
				[ 0.0, 0.0, 0.0, 1.0 ]
			],
			"color" : 
			[
				{
					"alpha" : 1.0,
					"blue" : 0.49730986356735229,
					"green" : 0.49730986356735229,
					"red" : 0.52173912525177002
				},
				{
					"alpha" : 1.0,
					"blue" : 0.55947917699813843,
					"green" : 0.55947917699813843,
					"red" : 0.59531772136688232
				}
			],
			"meshpath" : "MainMenuPlatform2",
			"name" : "Rect"
		}
	],
	"name" : "MainMenuPlatform2",
	"version" : 2
}
