{
	"meshinfo" : 
	[
		{
			"affine" : 
			[
				[ 1.0, 0.0, 0.0, 0.0 ],
				[ 0.0, 1.0, 0.0, 0.0 ],
				[ 0.0, 0.0, 1.0, 0.0 ],
				[ 0.0, 0.0, 0.0, 1.0 ]
			],
			"color" : 
			[
				{
					"alpha" : 1.0,
					"blue" : 0.67257624864578247,
					"green" : 0.6822742223739624,
					"red" : 0.63207346200942993
				},
				{
					"alpha" : 1.0,
					"blue" : 0.54180598258972168,
					"green" : 0.5400775671005249,
					"red" : 0.52912157773971558
				}
			],
			"meshpath" : "MainMenuPlatform1",
			"name" : "Rect"
		}
	],
	"name" : "MainMenuPlatform1",
	"version" : 2
}
