{
	"meshinfo" : 
	[
		{
			"affine" : 
			[
				[ 1.0, 0.0, 0.0, 0.0 ],
				[ 0.0, 1.0, 0.0, 0.0 ],
				[ 0.0, 0.0, 1.0, 0.0 ],
				[ 0.0, 0.0, 0.0, 1.0 ]
			],
			"color" : 
			[
				{
					"alpha" : 1.0,
					"blue" : 0.81179404258728027,
					"green" : 0.9570956826210022,
					"red" : 0.8261796236038208
				},
				{
					"alpha" : 1.0,
					"blue" : 0.46936571598052979,
					"green" : 0.51605081558227539,
					"red" : 0.5346534252166748
				},
				{
					"alpha" : 1.0,
					"blue" : 0.60525655746459961,
					"green" : 0.60525655746459961,
					"red" : 0.60726070404052734
				}
			],
			"meshpath" : "MovableRock1",
			"name" : "Box"
		}
	],
	"name" : "MovableRock1",
	"version" : 2
}
