{
	"meshinfo" : 
	[
		{
			"affine" : 
			[
				[ 1.0, 0.0, 0.0, 0.0 ],
				[ 0.0, 1.0, 0.0, 0.0 ],
				[ 0.0, 0.0, 1.0, 0.0 ],
				[ 0.0, 0.0, 0.0, 1.0 ]
			],
			"color" : 
			[
				{
					"alpha" : 1.0,
					"blue" : 0.0,
					"green" : 0.22690553963184357,
					"red" : 0.71617162227630615
				},
				{
					"alpha" : 1.0,
					"blue" : 0.0,
					"green" : 0.25098040699958801,
					"red" : 0.99607843160629272
				}
			],
			"meshpath" : "NPlatform1",
			"name" : "Rect"
		}
	],
	"name" : "TestPlatform",
	"version" : 2
}
