{
	"meshinfo" : 
	[
		{
			"affine" : 
			[
				[ 1.0, 0.0, 0.0, 0.0 ],
				[ 0.0, 1.0, 0.0, 0.0 ],
				[ 0.0, 0.0, 1.0, 0.0 ],
				[ 0.0, 0.0, 0.0, 1.0 ]
			],
			"color" : 
			[
				{
					"alpha" : 1.0,
					"blue" : 0.28391388058662415,
					"green" : 0.57194244861602783,
					"red" : 0.35643896460533142
				},
				{
					"alpha" : 0.0,
					"blue" : 0.0,
					"green" : 0.0,
					"red" : 0.0
				}
			],
			"meshpath" : "optionbox",
			"name" : "Rect"
		}
	],
	"name" : "optionbox",
	"version" : 2
}
