{
	"meshinfo" : 
	[
		{
			"affine" : 
			[
				[ 1.0, 0.0, 0.0, 0.0 ],
				[ 0.0, 1.0, 0.0, 0.0 ],
				[ 0.0, 0.0, 1.0, 0.0 ],
				[ 0.0, 0.0, 0.0, 1.0 ]
			],
			"color" : 
			[
				{
					"alpha" : 1.0,
					"blue" : 0.17566904425621033,
					"green" : 0.17566904425621033,
					"red" : 0.73927390575408936
				},
				{
					"alpha" : 1.0,
					"blue" : 0.32749509811401367,
					"green" : 0.32749509811401367,
					"red" : 0.92739272117614746
				},
				{
					"alpha" : 1.0,
					"blue" : 1.0,
					"green" : 0.72728061676025391,
					"red" : 0.0
				}
			],
			"meshpath" : "Platform1",
			"name" : "Rect"
		}
	],
	"name" : "Platform1",
	"version" : 2
}
