{
	"meshinfo" : 
	[
		{
			"affine" : 
			[
				[ 1.0, 0.0, 0.0, 0.0 ],
				[ 0.0, 1.0, 0.0, 0.0 ],
				[ 0.0, 0.0, 1.0, 0.0 ],
				[ 0.0, 0.0, 0.0, 1.0 ]
			],
			"color" : 
			[
				{
					"alpha" : 1.0,
					"blue" : 0.0,
					"green" : 0.0,
					"red" : 0.0
				},
				{
					"alpha" : 1.0,
					"blue" : 0.30134299397468567,
					"green" : 0.30134299397468567,
					"red" : 0.34983497858047485
				},
				{
					"alpha" : 1.0,
					"blue" : 0.51372551918029785,
					"green" : 0.51372551918029785,
					"red" : 0.62745100259780884
				}
			],
			"meshpath" : "Platform7",
			"name" : "Rect"
		}
	],
	"name" : "TestPlatform",
	"version" : 2
}
