{
	"meshinfo" : 
	[
		{
			"affine" : 
			[
				[ 1.0, 0.0, 0.0, 0.0 ],
				[ 0.0, 1.0, 0.0, 0.0 ],
				[ 0.0, 0.0, 1.0, 0.0 ],
				[ 0.0, 0.0, 0.0, 1.0 ]
			],
			"color" : 
			[
				{
					"alpha" : 1.0,
					"blue" : 0.0,
					"green" : 0.0,
					"red" : 0.0
				},
				{
					"alpha" : 1.0,
					"blue" : 0.3006894588470459,
					"green" : 0.3006894588470459,
					"red" : 0.42574256658554077
				},
				{
					"alpha" : 1.0,
					"blue" : 0.71329605579376221,
					"green" : 0.71329605579376221,
					"red" : 0.86798679828643799
				}
			],
			"meshpath" : "Platform8",
			"name" : "Rect"
		}
	],
	"name" : "TestPlatform",
	"version" : 2
}
