{
	"meshinfo" : 
	[
		{
			"affine" : 
			[
				[ 1.0, 0.0, 0.0, 0.0 ],
				[ 0.0, 1.0, 0.0, 0.0 ],
				[ 0.0, 0.0, 1.0, 0.0 ],
				[ 0.0, 0.0, 0.0, 1.0 ]
			],
			"color" : 
			[
				{
					"alpha" : 1.0,
					"blue" : 0.0,
					"green" : 0.0,
					"red" : 0.0
				},
				{
					"alpha" : 1.0,
					"blue" : 0.0,
					"green" : 0.25679352879524231,
					"red" : 0.99215686321258545
				},
				{
					"alpha" : 1.0,
					"blue" : 0.0,
					"green" : 0.79545438289642334,
					"red" : 1.0
				}
			],
			"meshpath" : "Platform3",
			"name" : "Rect"
		}
	],
	"name" : "TestPlatform",
	"version" : 2
}
