{
	"meshinfo" : 
	[
		{
			"affine" : 
			[
				[ 1.0, 0.0, 0.0, 0.0 ],
				[ 0.0, 1.0, 0.0, 0.0 ],
				[ 0.0, 0.0, 1.0, 0.0 ],
				[ 0.0, 0.0, 0.0, 1.0 ]
			],
			"color" : 
			[
				{
					"alpha" : 1.0,
					"blue" : 0.0,
					"green" : 0.0,
					"red" : 0.0
				},
				{
					"alpha" : 1.0,
					"blue" : 0.19471949338912964,
					"green" : 0.40314483642578125,
					"red" : 1.0
				},
				{
					"alpha" : 1.0,
					"blue" : 0.0,
					"green" : 0.29702973365783691,
					"red" : 1.0
				}
			],
			"meshpath" : "Platform4",
			"name" : "Rect"
		}
	],
	"name" : "TestPlatform",
	"version" : 2
}
