{
	"meshinfo" : 
	[
		{
			"affine" : 
			[
				[ 1.0, 0.0, 0.0, 0.0 ],
				[ 0.0, 1.0, 0.0, 0.0 ],
				[ 0.0, 0.0, 1.0, 0.0 ],
				[ 0.0, 0.0, 0.0, 1.0 ]
			],
			"color" : 
			[
				{
					"alpha" : 1.0,
					"blue" : 0.0,
					"green" : 0.0,
					"red" : 0.62820512056350708
				},
				{
					"alpha" : 1.0,
					"blue" : 0.058368053287267685,
					"green" : 0.058368053287267685,
					"red" : 0.80341881513595581
				},
				{
					"alpha" : 0.0,
					"blue" : 0.0,
					"green" : 0.0,
					"red" : 0.0
				}
			],
			"meshpath" : "RedAttack",
			"name" : "Rect"
		}
	],
	"name" : "RedAttack",
	"version" : 2
}
