{
	"meshinfo" : 
	[
		{
			"affine" : 
			[
				[ 1.0, 0.0, 0.0, 0.0 ],
				[ 0.0, 1.0, 0.0, 0.0 ],
				[ 0.0, 0.0, 1.0, 0.0 ],
				[ 0.0, 0.0, 0.0, 1.0 ]
			],
			"color" : 
			[
				{
					"alpha" : 1.0,
					"blue" : 0.68254268169403076,
					"green" : 0.68254268169403076,
					"red" : 0.75585281848907471
				},
				{
					"alpha" : 1.0,
					"blue" : 0.3734927773475647,
					"green" : 0.3734927773475647,
					"red" : 0.4455445408821106
				},
				{
					"alpha" : 1.0,
					"blue" : 0.60603350400924683,
					"green" : 0.60603350400924683,
					"red" : 0.70234113931655884
				},
				{
					"alpha" : 1.0,
					"blue" : 0.40185600519180298,
					"green" : 0.40185600519180298,
					"red" : 0.47194719314575195
				}
			],
			"meshpath" : "Rock2",
			"name" : "Rect"
		}
	],
	"name" : "Rock2",
	"version" : 2
}
