{
	"meshinfo" : 
	[
		{
			"affine" : 
			[
				[ 1.0, 0.0, 0.0, 0.0 ],
				[ 0.0, 1.0, 0.0, 0.0 ],
				[ 0.0, 0.0, 1.0, 0.0 ],
				[ 0.0, 0.0, 0.0, 1.0 ]
			],
			"color" : 
			[
				{
					"alpha" : 1.0,
					"blue" : 0.0,
					"green" : 0.0,
					"red" : 0.0
				},
				{
					"alpha" : 1.0,
					"blue" : 0.60726070404052734,
					"green" : 0.39197567105293274,
					"red" : 0.33269068598747253
				},
				{
					"alpha" : 1.0,
					"blue" : 0.61716175079345703,
					"green" : 0.60605227947235107,
					"red" : 0.58660918474197388
				}
			],
			"meshpath" : "Rock1",
			"name" : "Rect"
		}
	],
	"name" : "TestPlatform",
	"version" : 2
}
