{
	"meshinfo" : 
	[
		{
			"affine" : 
			[
				[ 1.0, 0.0, 0.0, 0.0 ],
				[ 0.0, 1.0, 0.0, 0.0 ],
				[ 0.0, 0.0, 1.0, 0.0 ],
				[ 0.0, 0.0, 0.0, 1.0 ]
			],
			"color" : 
			[
				{
					"alpha" : 1.0,
					"blue" : 0.84158414602279663,
					"green" : 0.18331541121006012,
					"red" : 0.0
				},
				{
					"alpha" : 1.0,
					"blue" : 1.0,
					"green" : 0.059412956237792969,
					"red" : 0.0
				}
			],
			"meshpath" : "WaterBody",
			"name" : "Rect"
		}
	],
	"name" : "WaterBody",
	"version" : 2
}
