{
	"meshinfo" : 
	[
		{
			"affine" : 
			[
				[ 1.0, 0.0, 0.0, 0.0 ],
				[ 0.0, 1.0, 0.0, 0.0 ],
				[ 0.0, 0.0, 1.0, 0.0 ],
				[ 0.0, 0.0, 0.0, 1.0 ]
			],
			"color" : 
			[
				{
					"alpha" : 1.0,
					"blue" : 0.63210701942443848,
					"green" : 0.5345771312713623,
					"red" : 0.12050200253725052
				},
				{
					"alpha" : 1.0,
					"blue" : 0.64214050769805908,
					"green" : 0.37509915232658386,
					"red" : 0.1202671155333519
				},
				{
					"alpha" : 1.0,
					"blue" : 0.79598665237426758,
					"green" : 0.43661120533943176,
					"red" : 0.093175686895847321
				},
				{
					"alpha" : 1.0,
					"blue" : 0.75919735431671143,
					"green" : 0.70531868934631348,
					"red" : 0.16250379383563995
				}
			],
			"meshpath" : "Waves5",
			"name" : "Rect"
		}
	],
	"name" : "Waves5",
	"version" : 2
}
