{
	"meshinfo" : 
	[
		{
			"affine" : 
			[
				[ 1.0, 0.0, 0.0, 0.0 ],
				[ 0.0, 1.0, 0.0, 0.0 ],
				[ 0.0, 0.0, 1.0, 0.0 ],
				[ 0.0, 0.0, 0.0, 1.0 ]
			],
			"color" : 
			[
				{
					"alpha" : 1.0,
					"blue" : 0.99998998641967773,
					"green" : 0.99998998641967773,
					"red" : 1.0
				},
				{
					"alpha" : 0.0,
					"blue" : 0.99998998641967773,
					"green" : 0.99998998641967773,
					"red" : 1.0
				}
			],
			"meshpath" : "Whitebox",
			"name" : "Rect"
		}
	],
	"name" : "Whitebox",
	"version" : 2
}
